<?xml version="1.0" encoding="UTF-8"?>
<project name="gpjss-master" default="all">
  
  
  <property file="1.properties"/>
  <!-- Uncomment the following property if no tests compilation is needed -->
  <!-- 
  <property name="skip.tests" value="true"/>
   -->
  
  <!-- Compiler options -->
  
  <property name="compiler.debug" value="on"/>
  <property name="compiler.generate.no.warnings" value="off"/>
  <property name="compiler.args" value=""/>
  <property name="compiler.max.memory" value="700m"/>
  <patternset id="ignored.files">
    <exclude name="**/*.hprof/**"/>
    <exclude name="**/*.pyc/**"/>
    <exclude name="**/*.pyo/**"/>
    <exclude name="**/*.rbc/**"/>
    <exclude name="**/*.yarb/**"/>
    <exclude name="**/*~/**"/>
    <exclude name="**/.DS_Store/**"/>
    <exclude name="**/.git/**"/>
    <exclude name="**/.hg/**"/>
    <exclude name="**/.svn/**"/>
    <exclude name="**/CVS/**"/>
    <exclude name="**/__pycache__/**"/>
    <exclude name="**/_svn/**"/>
    <exclude name="**/vssver.scc/**"/>
    <exclude name="**/vssver2.scc/**"/>
  </patternset>
  <patternset id="library.patterns">
    <include name="*.klib"/>
    <include name="*.egg"/>
    <include name="*.jar"/>
    <include name="*.ear"/>
    <include name="*.swc"/>
    <include name="*.war"/>
    <include name="*.zip"/>
    <include name="*.ane"/>
  </patternset>
  <patternset id="compiler.resources">
    <exclude name="**/?*.java"/>
    <exclude name="**/?*.form"/>
    <exclude name="**/?*.class"/>
    <exclude name="**/?*.groovy"/>
    <exclude name="**/?*.scala"/>
    <exclude name="**/?*.flex"/>
    <exclude name="**/?*.kt"/>
    <exclude name="**/?*.clj"/>
    <exclude name="**/?*.aj"/>
  </patternset>
  
  <!-- JDK definitions -->
  
  <property name="jdk.bin.1.8" value="${jdk.home.1.8}/bin"/>
  <path id="jdk.classpath.1.8">
    <fileset dir="${jdk.home.1.8}">
      <include name="jre/lib/charsets.jar"/>
      <include name="jre/lib/deploy.jar"/>
      <include name="jre/lib/ext/cldrdata.jar"/>
      <include name="jre/lib/ext/dnsns.jar"/>
      <include name="jre/lib/ext/jaccess.jar"/>
      <include name="jre/lib/ext/jfxrt.jar"/>
      <include name="jre/lib/ext/localedata.jar"/>
      <include name="jre/lib/ext/nashorn.jar"/>
      <include name="jre/lib/ext/sunec.jar"/>
      <include name="jre/lib/ext/sunjce_provider.jar"/>
      <include name="jre/lib/ext/sunpkcs11.jar"/>
      <include name="jre/lib/ext/zipfs.jar"/>
      <include name="jre/lib/javaws.jar"/>
      <include name="jre/lib/jce.jar"/>
      <include name="jre/lib/jfr.jar"/>
      <include name="jre/lib/jfxswt.jar"/>
      <include name="jre/lib/jsse.jar"/>
      <include name="jre/lib/management-agent.jar"/>
      <include name="jre/lib/plugin.jar"/>
      <include name="jre/lib/resources.jar"/>
      <include name="jre/lib/rt.jar"/>
      <include name="../../../../home/fzhang/eclipse-workspace/GPJSS-master/libraries/slf4j-api-1.7.28.jar"/>
    </fileset>
  </path>
  
  <property name="project.jdk.home" value="${jdk.home.1.8}"/>
  <property name="project.jdk.bin" value="${jdk.bin.1.8}"/>
  <property name="project.jdk.classpath" value="jdk.classpath.1.8"/>
  <!-- Register Custom Compiler Taskdefs -->
  <property name="javac2.home" value="${idea.home}/lib"/>
  <path id="javac2.classpath">
    <fileset dir="${javac2.home}">
      <include name="javac2.jar"/>
      <include name="jdom.jar"/>
      <include name="asm-all*.jar"/>
      <include name="forms-*.jar"/>
    </fileset>
  </path>
  <target name="register.custom.compilers">
    <taskdef name="javac2" classname="com.intellij.ant.Javac2" classpathref="javac2.classpath"/>
    <taskdef name="instrumentIdeaExtensions" classname="com.intellij.ant.InstrumentIdeaExtensions" classpathref="javac2.classpath"/>
  </target>
  
  <!-- Modules -->
  
  <import file="${basedir}/../../../../../../home/fzhang/eclipse-workspace/GPJSS-master/module_gpjss-master.xml"/>
  
  <target name="init" description="Build initialization">
    <!-- Perform any build initialization in this target -->
  </target>
  
  <target name="clean" depends="clean.module.gpjss-master" description="cleanup all"/>
  
  <target name="build.modules" depends="init, clean, compile.module.gpjss-master" description="build all modules"/>
  
  <target name="init.artifacts">
    <property name="artifacts.temp.dir" value="${basedir}/__artifacts_temp"/>
    <property name="artifact.output.gpjss-master:jar" value="${basedir}/../../../../../../home/fzhang/eclipse-workspace/GPJSS-master/out/artifacts/GPJSS_master_jar"/>
    <property name="artifact.output.ruletest" value="${basedir}/../../../../../../home/fzhang/eclipse-workspace/GPJSS-master/out/artifacts/ruletest"/>
    <mkdir dir="${artifacts.temp.dir}"/>
    <property name="temp.jar.path.GPJSS-master.jar" value="${artifacts.temp.dir}/GPJSS-master.jar"/>
    <property name="temp.jar.path.GPJSS-master.jar2" value="${artifacts.temp.dir}/1/GPJSS-master.jar"/>
    <mkdir dir="${artifacts.temp.dir}/1"/>
  </target>
  
  <target name="artifact.gpjss-master:jar" depends="init.artifacts, compile.module.gpjss-master" description="Build &#39;GPJSS-master:jar&#39; artifact">
    <property name="artifact.temp.output.gpjss-master:jar" value="${artifacts.temp.dir}/GPJSS_master_jar"/>
    <mkdir dir="${artifact.temp.output.gpjss-master:jar}"/>
    <jar destfile="${temp.jar.path.GPJSS-master.jar}" duplicate="preserve" filesetmanifest="mergewithoutmain">
      <zipfileset dir="${gpjss-master.output.dir}"/>
      <zipfileset src="${basedir}/../../Downloads/ECJ/GPJSS-master/libraries/commons-lang3-3.4-javadoc.jar"/>
      <zipfileset src="${basedir}/../../Downloads/ECJ/GPJSS-master/libraries/EJML-simple-0.27.jar"/>
      <zipfileset src="${basedir}/../../Downloads/ECJ/GPJSS-master/libraries/commons-lang3-3.4.jar"/>
      <zipfileset src="${basedir}/../../Downloads/ECJ/GPJSS-master/libraries/commons-math3-3.5.jar"/>
      <zipfileset src="${basedir}/../../Downloads/ECJ/GPJSS-master/libraries/jfreechart-1.0.19.jar"/>
      <zipfileset src="${basedir}/../../Downloads/ECJ/GPJSS-master/libraries/pshecj.jar"/>
      <zipfileset src="${basedir}/../../Downloads/ECJ/GPJSS-master/libraries/jzlib-1.0.7.jar"/>
      <zipfileset src="${basedir}/../../Downloads/ECJ/GPJSS-master/libraries/EJML-core-0.27.jar"/>
      <zipfileset src="${basedir}/../../Downloads/ECJ/GPJSS-master/libraries/commons-math3-3.5-javadoc.jar"/>
      <zipfileset src="${basedir}/../../Downloads/ECJ/GPJSS-master/libraries/EJML-dense64-0.27.jar"/>
      <zipfileset src="${basedir}/../../Downloads/ECJ/GPJSS-master/libraries/jcommon-1.0.23.jar"/>
      <zipfileset src="${basedir}/../../Downloads/ECJ/GPJSS-master/libraries/itext-1.2.jar"/>
    </jar>
    <copy file="${temp.jar.path.GPJSS-master.jar}" tofile="${artifact.temp.output.gpjss-master:jar}/GPJSS-master.jar"/>
  </target>
  
  <target name="artifact.ruletest" depends="init.artifacts, compile.module.gpjss-master" description="Build &#39;ruletest&#39; artifact">
    <property name="artifact.temp.output.ruletest" value="${artifacts.temp.dir}/ruletest"/>
    <mkdir dir="${artifact.temp.output.ruletest}"/>
    <jar destfile="${temp.jar.path.GPJSS-master.jar2}" duplicate="preserve" filesetmanifest="mergewithoutmain">
      <zipfileset file="${basedir}/../../../../../../home/fzhang/eclipse-workspace/GPJSS-master/src/test/META-INF/MANIFEST.MF" prefix="META-INF"/>
      <zipfileset dir="${gpjss-master.output.dir}"/>
      <zipfileset src="${basedir}/../../Downloads/ECJ/GPJSS-master/libraries/jzlib-1.0.7.jar"/>
      <zipfileset src="${basedir}/../../Downloads/ECJ/GPJSS-master/libraries/jfreechart-1.0.19.jar"/>
      <zipfileset src="${basedir}/../../Downloads/ECJ/GPJSS-master/libraries/itext-1.2.jar"/>
      <zipfileset src="${basedir}/../../Downloads/ECJ/GPJSS-master/libraries/EJML-simple-0.27.jar"/>
      <zipfileset src="${basedir}/../../Downloads/ECJ/GPJSS-master/libraries/commons-lang3-3.4.jar"/>
      <zipfileset src="${basedir}/../../Downloads/ECJ/GPJSS-master/libraries/commons-math3-3.5.jar"/>
      <zipfileset src="${basedir}/../../Downloads/ECJ/GPJSS-master/libraries/commons-math3-3.5-javadoc.jar"/>
      <zipfileset src="${basedir}/../../Downloads/ECJ/GPJSS-master/libraries/commons-lang3-3.4-javadoc.jar"/>
      <zipfileset src="${basedir}/../../Downloads/ECJ/GPJSS-master/libraries/EJML-core-0.27.jar"/>
      <zipfileset src="${basedir}/../../Downloads/ECJ/GPJSS-master/libraries/EJML-dense64-0.27.jar"/>
      <zipfileset src="${basedir}/../../Downloads/ECJ/GPJSS-master/libraries/pshecj.jar"/>
      <zipfileset src="${basedir}/../../Downloads/ECJ/GPJSS-master/libraries/jcommon-1.0.23.jar"/>
    </jar>
    <copy file="${temp.jar.path.GPJSS-master.jar2}" tofile="${artifact.temp.output.ruletest}/GPJSS-master.jar"/>
  </target>
  
  <target name="build.all.artifacts" depends="artifact.gpjss-master:jar, artifact.ruletest" description="Build all artifacts">
    <mkdir dir="${artifact.output.gpjss-master:jar}"/>
    <copy todir="${artifact.output.gpjss-master:jar}">
      <fileset dir="${artifact.temp.output.gpjss-master:jar}"/>
    </copy>
    <mkdir dir="${artifact.output.ruletest}"/>
    <copy todir="${artifact.output.ruletest}">
      <fileset dir="${artifact.temp.output.ruletest}"/>
    </copy>
    
    <!-- Delete temporary files -->
    <delete dir="${artifacts.temp.dir}"/>
  </target>
  
  <target name="all" depends="build.modules, build.all.artifacts" description="build all"/>
</project>